City_ID,City,Lat,Lng,Max Temp,Humidity,Cloudiness,Wind Speed,Country,Date
0,georgetown,5.4112,5.4112,82.33,77.95,20,5.01,MY,1690153429
1,mirto,38.0847,38.0847,84.31,83.26,1,7.52,IT,1690153460
2,adamstown,-25.066,-25.066,68.77,68.77,22,17.11,PN,1690153461
3,avarua,-21.2078,-21.2078,80.65,80.65,75,12.66,CK,1690153461
4,edinburgh of the seven seas,-37.0676,-37.0676,56.19,56.19,58,24.23,SH,1690153282
5,utrik,11.2278,11.2278,83.17,83.17,69,18.81,MH,1690153462
6,katsuura,35.1333,35.1333,79.03,79.03,43,2.48,JP,1690153462
7,spring creek,40.7266,40.7266,94.82,91.29,95,13.47,US,1690153463
8,sinabang,2.4803,2.4803,78.57,78.57,93,2.17,ID,1690153463
9,huarmey,-10.0681,-10.0681,69.82,69.82,0,9.8,PE,1690153464
10,kenai,60.5544,60.5544,64.49,57.09,0,12.66,US,1690153464
11,badger,64.8,64.8,84.11,81.14,0,5.75,US,1690153464
12,terra santa,-2.1042,-2.1042,83.16,83.16,30,3.87,BR,1690153465
13,nova sintra,14.8667,14.8667,73.36,73.36,95,9.82,CV,1690153465
14,chibougamau,49.9168,49.9168,78.42,78.42,0,4.43,CA,1690153326
15,longyearbyen,78.2186,78.2186,51.64,51.64,40,13.8,SJ,1690153299
16,arak,34.0917,34.0917,76.98,76.98,40,5.03,IR,1690153466
17,san patricio,28.017,28.017,98.69,88.83,42,16.04,US,1690153466
18,hawaiian paradise park,19.5933,19.5933,82.72,76.78,75,11.5,US,1690153467
19,sao vicente,-23.9631,-23.9631,78.98,70.99,1,4.29,BR,1690153380
20,igdir,39.9237,39.9237,82.33,81.59,0,11.5,TR,1690153467
21,qaqortoq,60.7167,60.7167,50.36,50.36,50,2.21,GL,1690153468
22,aasiaat,68.7098,68.7098,38.61,38.61,100,1.1,GL,1690153468
23,waitangi,-43.9535,-43.9535,55.81,55.81,98,7.0,NZ,1690153468
24,petropavlovsk-kamchatsky,53.0452,53.0452,66.79,66.79,20,11.18,RU,1690153469
25,roma,43.2128,43.2128,82.81,79.09,0,8.05,US,1690153275
26,tazovsky,67.4667,67.4667,59.02,59.02,90,4.41,RU,1690153469
27,al bawiti,28.3492,28.3492,85.28,85.28,0,9.1,EG,1690153470
28,malango,-2.9627,-2.9627,66.04,66.04,86,1.14,ID,1690153470
29,menongue,-14.6585,-14.6585,57.2,57.2,42,4.61,AO,1690153470
30,ushuaia,-54.8,-54.8,35.26,35.26,75,17.27,AR,1690153471
31,siddipet,18.1,18.1,73.42,73.42,100,15.57,IN,1690153257
32,kristiansund,63.1115,63.1115,55.45,54.25,84,13.8,NO,1690153472
33,beterou,9.1992,9.1992,72.64,72.64,56,4.32,BJ,1690153472
34,san luis de la loma,17.2706,17.2706,88.83,88.83,22,5.82,MX,1690153472
35,inarajan village,13.2736,13.2736,85.39,81.0,100,12.82,GU,1690153227
36,college,64.8569,64.8569,84.07,81.81,0,1.01,US,1690153201
37,whitehorse,60.7161,60.7161,73.09,70.02,100,5.75,CA,1690153473
38,port-aux-francais,-49.35,-49.35,42.22,42.22,80,34.36,TF,1690153474
39,zarghun shahr,32.8473,32.8473,70.14,70.14,68,0.25,AF,1690153474
40,margaret river,-33.95,-33.95,49.5,49.5,0,11.45,AU,1690153474
41,yichun,47.7,47.7,64.94,64.94,100,3.74,CN,1690153475
42,guane,22.2025,22.2025,88.5,88.5,31,6.64,CU,1690153287
43,shenkursk,62.1091,62.1091,51.78,51.78,62,6.53,RU,1690153476
44,hamilton,39.1834,39.1834,81.39,73.06,53,2.91,US,1690153271
45,tongouson,5.0214,5.0214,83.12,83.12,100,12.75,PH,1690153476
46,kapuskasing,49.4169,49.4169,68.09,68.0,75,5.75,CA,1690153239
47,sola,-13.8833,-13.8833,77.7,77.7,100,21.45,VU,1690153279
48,talnakh,69.4865,69.4865,52.21,52.21,15,1.05,RU,1690153477
49,kingston,17.997,17.997,90.25,85.21,20,24.16,JM,1690153227
50,ta`u,-14.2336,-14.2336,79.92,79.92,32,14.14,AS,1690153308
51,shahrak,34.1074,34.1074,59.86,59.86,0,4.81,AF,1690153478
52,thompson,55.7435,55.7435,71.76,71.76,40,10.36,CA,1690153331
53,port elizabeth,-33.918,-33.918,53.89,53.89,0,14.97,ZA,1690153375
54,jamestown,42.097,42.097,78.39,73.04,20,9.22,US,1690153345
55,blackmans bay,-43.0167,-43.0167,52.52,45.73,84,4.65,AU,1690153263
56,wenchang,30.904,30.904,79.36,79.36,0,3.51,CN,1690153480
57,bethel,41.3712,41.3712,82.49,76.17,75,0.0,US,1690153480
58,stephenville,32.2207,32.2207,101.25,96.8,0,5.75,US,1690153410
59,vorgashor,67.5833,67.5833,57.78,57.78,100,6.8,RU,1690153481
60,karaton,-6.3424,-6.3424,71.51,71.51,51,0.87,ID,1690153481
61,elista,46.3078,46.3078,73.92,73.58,21,8.99,RU,1690153482
62,papatowai,-46.5619,-46.5619,48.81,48.81,98,1.88,NZ,1690153482
63,northam,51.0333,51.0333,60.66,58.24,99,6.2,GB,1690153482
64,vadso,70.0744,70.0744,47.28,46.56,100,14.97,NO,1690153483
65,toamasina,-18.1667,-18.1667,66.2,66.2,20,2.3,MG,1690153483
66,anloga,5.7947,5.7947,76.8,76.8,100,7.11,GH,1690153483
67,bilibino,68.0546,68.0546,65.86,65.86,68,1.88,RU,1690153211
68,albany,42.6001,42.6001,79.79,73.24,64,2.06,US,1690152898
69,iqaluit,63.7506,63.7506,49.73,49.69,40,8.05,CA,1690153197
70,nuku'alofa,-21.1333,-21.1333,75.54,75.54,40,5.75,TO,1690153486
71,howard springs,-12.497,-12.497,62.51,61.83,38,14.27,AU,1690153486
72,timbuktu,16.7735,16.7735,93.33,93.33,42,10.94,ML,1690153487
73,vokhtoga,58.8147,58.8147,55.58,55.58,100,4.88,RU,1690153487
74,orangeburg,33.4918,33.4918,77.95,73.69,100,9.22,US,1690153488
75,klaksvik,62.2266,62.2266,45.52,45.52,100,14.58,FO,1690153488
76,rouissat,31.9243,31.9243,96.87,96.87,0,4.61,DZ,1690153488
77,fale old settlement,-9.3852,-9.3852,83.43,83.43,19,15.19,TK,1690153489
78,empangeni,-28.762,-28.762,62.87,62.87,44,7.2,ZA,1690153489
79,kurchatov,51.6601,51.6601,54.01,53.4,16,4.94,RU,1690153489
80,la passe,45.5549,45.5549,68.99,66.02,100,8.77,FR,1690153490
81,la'ie,21.6477,21.6477,87.01,82.62,9,13.82,US,1690153359
82,balykshi,47.0667,47.0667,80.6,80.6,40,6.71,KZ,1690153490
83,kirensk,57.7853,57.7853,66.9,66.9,64,0.98,RU,1690153490
84,kiunga,-6.1219,-6.1219,71.78,71.78,100,1.14,PG,1690153491
85,bredasdorp,-34.5322,-34.5322,49.21,49.21,55,6.15,ZA,1690153491
86,olonkinbyen,70.9221,70.9221,40.57,40.57,98,11.34,SJ,1690153491
87,mglin,53.0591,53.0591,53.65,53.65,76,7.11,RU,1690153492
88,vilhena,-12.7406,-12.7406,80.82,80.82,0,5.75,BR,1690153370
89,hilo,19.7297,19.7297,82.94,77.02,75,11.5,US,1690153493
90,hithadhoo,-0.6,-0.6,82.72,82.72,86,9.42,MV,1690153493
91,winnemucca,40.973,40.973,100.45,100.45,0,9.22,US,1690153211
92,churapcha,62.0025,62.0025,71.65,71.65,22,5.01,RU,1690153362
93,port mathurin,-19.6833,-19.6833,73.33,73.33,9,16.62,MU,1690153313
94,karratha,-20.7377,-20.7377,59.99,59.99,1,20.71,AU,1690153494
95,invercargill,-46.4,-46.4,47.7,47.7,99,1.54,NZ,1690153495
96,kulunda,52.566,52.566,63.73,63.73,79,2.86,RU,1690153495
97,san julian,21.0167,21.0167,72.86,72.86,100,5.57,MX,1690153495
98,waingapu,-9.6567,-9.6567,73.83,73.83,43,12.88,ID,1690153496
99,puerto natales,-51.7236,-51.7236,26.44,26.44,9,3.89,CL,1690153496
100,fort-shevchenko,44.5086,44.5086,82.36,82.36,8,11.32,KZ,1690153496
101,dunedin,-45.8742,-45.8742,48.79,48.79,100,3.0,NZ,1690153227
102,santa terezinha,-29.9002,-29.9002,62.65,62.65,47,8.32,BR,1690153497
103,enewetak,11.3474,11.3474,83.62,83.62,78,19.01,MH,1690153498
104,phek,25.6667,25.6667,60.76,60.76,78,0.56,IN,1690153498
105,dwarka,22.2394,22.2394,81.12,81.12,100,5.55,IN,1690153498
106,vorkuta,67.5,67.5,57.85,57.85,100,6.96,RU,1690153499
107,bozoum,6.3193,6.3193,68.49,68.49,93,2.44,CF,1690153499
108,durant,33.994,33.994,96.96,91.04,0,4.61,US,1690153499
109,wailua homesteads,22.0669,22.0669,84.99,79.12,75,13.8,US,1690153500
110,west island,-12.1568,-12.1568,76.98,76.98,40,12.66,CC,1690153201
111,kapa'a,22.0752,22.0752,86.32,80.47,75,13.8,US,1690153500
112,ancud,-41.8697,-41.8697,40.21,40.21,100,8.84,CL,1690153501
113,stanley,54.868,54.868,53.28,50.74,20,9.22,GB,1690153501
114,punta arenas,-53.15,-53.15,30.34,30.34,8,6.51,CL,1690153502
115,trelew,-43.249,-43.249,40.53,40.53,68,5.7,AR,1690153504
116,tiksi,71.6872,71.6872,45.93,45.93,4,5.48,RU,1690153327
117,broken hill,-31.95,-31.95,43.47,43.47,0,14.16,AU,1690153509
118,lompoc,34.6391,34.6391,79.79,65.12,100,8.05,US,1690153509
119,ust-nera,64.5667,64.5667,63.18,63.18,34,2.15,RU,1690153323
120,amiens,49.9,49.9,67.19,64.26,93,10.71,FR,1690153510
121,port lincoln,-34.7333,-34.7333,54.7,54.7,100,3.24,AU,1690153387
122,markaz-e hukumat-e darweshan,31.1323,31.1323,84.58,84.58,63,11.65,AF,1690153511
123,hermanus,-34.4187,-34.4187,53.67,53.67,47,5.95,ZA,1690153515
124,puerto aysen,-45.4,-45.4,31.68,31.68,99,3.67,CL,1690153521
125,papao,-17.75,-17.75,83.88,83.88,26,8.57,PF,1690153521
126,beledweyne,4.7358,4.7358,76.01,76.01,85,17.09,SO,1690153522
127,grytviken,-54.2811,-54.2811,21.0,21.0,26,8.48,GS,1690153523
128,queenstown,-31.8976,-31.8976,42.33,42.33,60,3.09,ZA,1690153430
129,hlusk,52.903,52.903,62.06,62.06,98,9.42,BY,1690153524
130,anadyr,64.75,64.75,57.7,57.0,100,6.71,RU,1690153524
131,kununurra,-15.7667,-15.7667,62.58,62.58,84,16.11,AU,1690153524
132,paungde,18.4833,18.4833,77.94,77.94,15,7.18,MM,1690153525
133,egilsstadir,65.2653,65.2653,48.11,48.11,100,5.75,IS,1690153525
134,greymouth,-42.4667,-42.4667,53.33,53.33,88,8.12,NZ,1690153525
135,klyuchi,52.2667,52.2667,63.18,63.18,79,3.53,RU,1690153526
136,fort bragg,35.139,35.139,87.21,82.65,75,4.61,US,1690153526
137,el haouaria,37.05,37.05,84.22,84.22,0,14.9,TN,1690153526
138,dudinka,69.4058,69.4058,52.63,52.63,46,9.13,RU,1690153527
139,zakamensk,50.3741,50.3741,54.45,54.45,35,2.42,RU,1690153527
140,st. john's,47.5649,47.5649,72.79,62.92,75,12.66,CA,1690153507
141,pangody,65.85,65.85,63.0,63.0,72,5.91,RU,1690153528
142,puerto baquerizo moreno,-0.9,-0.9,79.79,79.79,75,8.05,EC,1690153529
143,pacific grove,36.6177,36.6177,78.24,57.09,0,10.36,US,1690153529
144,ilulissat,69.2167,69.2167,46.42,46.42,100,5.75,GL,1690153529
145,port-vila,-17.7338,-17.7338,71.2,71.2,100,10.36,VU,1690153279
146,green river,41.5286,41.5286,84.6,82.18,51,28.9,US,1690153530
147,mount isa,-20.7333,-20.7333,49.77,49.77,0,9.22,AU,1690153259
148,kokopo,-4.352,-4.352,80.78,80.78,98,18.3,PG,1690153531
149,al jawf,29.5,29.5,86.18,86.18,3,9.01,SA,1690153531
150,soanierana ivongo,-16.9167,-16.9167,67.39,67.39,64,6.31,MG,1690153532
151,muli,2.9167,2.9167,82.31,82.31,22,7.56,MV,1690153532
152,lebu,-37.6167,-37.6167,47.66,47.66,85,3.94,CL,1690153533
153,nzega,-2.479,-2.479,56.25,56.25,72,4.38,RW,1690153533
154,susuman,62.7833,62.7833,56.89,56.89,62,7.4,RU,1690153303
155,yeppoon,-23.1333,-23.1333,53.38,53.38,96,13.47,AU,1690153534
156,atafu village,-8.5421,-8.5421,83.8,83.8,11,15.03,TK,1690153534
157,uthal,25.8072,25.8072,81.54,81.54,100,6.62,PK,1690153535
158,porto novo,6.4965,6.4965,75.02,75.02,100,6.78,BJ,1690153535
159,coquimbo,-29.9533,-29.9533,60.53,60.53,0,8.05,CL,1690153326
160,cockburn town,21.4612,21.4612,85.96,85.96,20,9.22,TC,1690153254
161,kerikeri,-35.2268,-35.2268,57.9,57.9,3,3.0,NZ,1690153536
162,saint-pierre,-21.3393,-21.3393,69.57,64.18,0,5.75,RE,1690153536
163,udachny,66.4167,66.4167,68.45,68.45,89,13.78,RU,1690153323
164,lihue,21.9789,21.9789,85.59,79.74,75,13.8,US,1690153537
165,alice springs,-23.7,-23.7,38.75,38.75,100,8.05,AU,1690153354
166,herning,56.1393,56.1393,62.71,58.55,75,4.61,DK,1690153537
167,tomatlan,19.9333,19.9333,88.75,88.75,89,8.19,MX,1690153538
168,mao,39.8885,39.8885,81.16,81.16,0,5.75,ES,1690153538
169,chonchi,-42.6128,-42.6128,41.13,38.41,100,2.3,CL,1690153538
170,yellowknife,62.456,62.456,72.12,71.56,100,12.66,CA,1690153539
171,chaoyang,41.5703,41.5703,74.23,74.23,0,3.13,CN,1690153539
172,midelt,32.6852,32.6852,82.47,82.47,62,9.48,MA,1690153539
173,nalut,30.3333,30.3333,88.77,88.77,0,11.68,LY,1690153540
174,ribeira grande,38.5167,38.5167,71.78,71.78,20,4.0,PT,1690153540
175,puerto ayora,-0.7393,-0.7393,84.16,84.16,44,11.56,EC,1690153540
176,floro,61.5996,61.5996,59.07,58.96,50,3.44,NO,1690153541
177,villa gesell,-37.2639,-37.2639,48.06,48.06,100,13.2,AR,1690153541
178,suntar,62.1444,62.1444,73.13,73.13,8,2.71,RU,1690153541
179,mikomeseng,2.1361,2.1361,69.3,69.3,100,3.78,GQ,1690153542
180,tura,25.5198,25.5198,74.68,74.68,99,4.32,IN,1690153542
181,horta,38.5333,38.5333,71.02,71.02,29,4.0,PT,1690153542
182,takoradi,4.8845,4.8845,75.87,75.87,92,5.46,GH,1690153543
183,nova vicosa,-17.8919,-17.8919,71.64,71.64,14,10.31,BR,1690153543
184,mar del plata,-38.0023,-38.0023,47.08,45.95,0,10.0,AR,1690153543
185,barakani,-12.1356,-12.1356,75.76,75.76,33,9.95,KM,1690153544
186,port alfred,-33.5906,-33.5906,53.19,53.19,97,5.01,ZA,1690153357
187,vel'sk,61.0701,61.0701,51.67,51.67,17,4.59,RU,1690153544
188,hammerfest,70.6634,70.6634,48.65,48.65,0,11.5,NO,1690153545
189,jimeta,9.2833,9.2833,76.3,76.3,93,2.24,NG,1690153545
190,hailey,43.5196,43.5196,98.89,91.26,0,15.01,US,1690153545
191,ulsteinvik,62.3432,62.3432,57.31,50.9,33,8.99,NO,1690153546
192,manacapuru,-3.2997,-3.2997,83.3,83.3,84,2.68,BR,1690153546
193,severo-yeniseyskiy,60.3725,60.3725,60.24,60.24,62,1.74,RU,1690153547
194,santo domingo de la calzada,42.4285,42.4285,58.82,58.82,68,2.13,ES,1690153547
195,banda aceh,5.5577,5.5577,79.59,79.59,92,13.24,ID,1690153547
196,lashio,22.9333,22.9333,68.95,68.95,97,0.27,MM,1690153548
197,bafra,41.5678,41.5678,72.64,72.64,2,4.25,TR,1690153548
198,rawson,-43.3002,-43.3002,41.31,41.31,65,8.3,AR,1690153266
199,dubbo,-32.25,-32.25,44.73,44.73,2,11.5,AU,1690153549
200,mukalla,14.5425,14.5425,87.12,87.12,100,10.58,YE,1690153549
201,antofagasta,-23.65,-23.65,63.68,63.68,71,5.37,CL,1690153549
202,ballina,-28.8667,-28.8667,57.78,57.78,100,14.83,AU,1690153550
203,bengkulu,-3.8004,-3.8004,75.34,75.34,100,7.0,ID,1690153550
204,nizwa,22.9333,22.9333,88.63,88.63,100,1.19,OM,1690153550
205,mbanza kongo,-6.267,-6.267,68.7,68.7,21,3.85,AO,1690153551
206,weno,7.4515,7.4515,81.23,81.23,100,14.88,FM,1690153296
207,acapulco de juarez,16.8634,16.8634,89.42,89.42,75,4.61,MX,1690153379
208,ramon castilla,-4.2569,-4.2569,73.65,73.65,75,5.75,PE,1690153552
209,urangan,-25.3,-25.3,62.76,62.76,94,22.48,AU,1690153552
210,isafjordur,66.0755,66.0755,51.64,51.64,100,4.0,IS,1690153552
211,remire-montjoly,4.9167,4.9167,78.84,78.84,0,3.44,GF,1690153553
212,barra de santo antonio,-9.4047,-9.4047,72.68,72.68,10,10.8,BR,1690153315
213,hirara,24.8,24.8,84.06,80.87,34,5.75,JP,1690153554
214,skelleftea,64.7507,64.7507,55.76,55.0,100,3.44,SE,1690153555
215,tagab,34.855,34.855,74.66,74.66,44,3.04,AF,1690153561
216,dakhla,23.6848,23.6848,68.52,68.52,0,22.1,EH,1690153561
217,sitka,57.0531,57.0531,58.89,58.89,100,4.61,US,1690153561
218,port blair,11.6667,11.6667,77.04,77.04,100,2.3,IN,1690153562
219,nehe,48.4833,48.4833,62.13,62.13,100,15.52,CN,1690153527
220,saipan,15.1355,15.1355,84.9,83.64,40,10.36,MP,1690153562
221,dryden,49.7833,49.7833,71.89,71.89,0,2.3,CA,1690153563
222,kapiri mposhi,-13.9652,-13.9652,55.2,55.2,0,4.88,ZM,1690153563
223,new norfolk,-42.7826,-42.7826,54.72,48.92,96,5.37,AU,1690153563
224,jieshi,22.8134,22.8134,81.81,81.81,85,0.65,CN,1690153564
225,whangarei,-35.7317,-35.7317,57.51,57.51,10,7.36,NZ,1690153564
226,paramonga,-10.6667,-10.6667,68.11,68.11,4,9.78,PE,1690153565
227,kolonia,50.9333,50.9333,67.96,64.17,20,5.75,DE,1690153321
228,kailua-kona,19.6406,19.6406,85.96,79.83,40,11.5,US,1690153565
229,san antonio de pale,-1.4014,-1.4014,72.86,72.86,69,10.92,GQ,1690153271
230,koksan,38.7819,38.7819,75.87,75.87,79,2.1,KP,1690153566
231,bozhou,33.8772,33.8772,82.26,82.26,13,5.64,CN,1690153566
232,olinda,-8.0089,-8.0089,74.93,74.93,40,6.91,BR,1690153567
233,hadibu,12.65,12.65,76.53,76.53,100,28.16,YE,1690153316
234,kudahuvadhoo,2.6708,2.6708,82.42,82.42,14,8.77,MV,1690153567
235,yuzhno-kurilsk,44.0306,44.0306,61.68,61.68,99,2.62,RU,1690153568
236,fehrbellin,52.8135,52.8135,62.94,61.05,92,7.67,DE,1690153568
237,nadi,-17.8,-17.8,78.8,78.8,75,4.61,FJ,1690153538
238,hobyo,5.3505,5.3505,76.73,76.73,48,25.93,SO,1690153569
239,aoulef,26.9667,26.9667,101.32,101.32,42,2.66,DZ,1690153569
240,lethem,3.3803,3.3803,77.85,77.85,70,5.97,GY,1690153570
241,zharkent,44.1628,44.1628,70.52,70.52,0,4.09,KZ,1690153570
242,olonets,60.9847,60.9847,56.77,56.77,100,8.32,RU,1690153570
243,kyshtovka,56.555,56.555,58.6,58.6,67,3.78,RU,1690153571
244,eket,4.6412,4.6412,74.62,74.62,100,7.36,NG,1690153571
245,itaocara,-21.6692,-21.6692,69.08,69.08,70,4.03,BR,1690153572
246,kota kinabalu,5.9749,5.9749,76.98,76.87,20,5.99,MY,1690153377
247,bend,44.0582,44.0582,95.99,87.13,0,11.5,US,1690153530
248,columbia falls,48.3725,48.3725,94.14,91.08,0,10.36,US,1690153527
249,khanty-mansiysk,61.0042,61.0042,64.51,64.11,20,0.0,RU,1690153573
250,mount gambier,-37.8333,-37.8333,52.11,52.11,100,3.15,AU,1690153573
251,carloforte,39.145,39.145,81.32,81.32,21,12.26,IT,1690153574
252,tromso,69.6496,69.6496,56.37,55.42,100,4.61,NO,1690153574
253,uturoa,-16.7333,-16.7333,78.42,78.42,47,12.12,PF,1690153574
254,salahonda,2.1019,2.1019,81.9,81.9,16,13.31,CO,1690153575
255,ciudad lazaro cardenas,17.9583,17.9583,87.73,87.73,24,8.77,MX,1690153575
256,yangshuo,24.7808,24.7808,79.0,79.0,67,2.57,CN,1690153575
257,fortuna,40.5982,40.5982,72.93,64.74,20,19.57,US,1690153576
258,jayapura,-2.5333,-2.5333,74.59,74.59,100,6.22,ID,1690153576
259,saint-philippe,-21.3585,-21.3585,67.59,64.11,44,11.56,RE,1690153370
260,matriz de camaragibe,-9.1517,-9.1517,72.84,72.84,29,4.05,BR,1690153577
261,guanica,17.9716,17.9716,86.13,75.2,91,9.08,PR,1690153577
262,forster,-32.1667,-32.1667,57.29,55.38,80,6.89,AU,1690153578
263,prineville,44.2999,44.2999,97.5,89.78,0,10.36,US,1690153578
264,princeville,45.7668,45.7668,75.45,68.61,100,5.75,CA,1690153345
265,kaohsiung,22.6163,22.6163,83.03,78.89,75,3.44,TW,1690153310
266,valdivia,-39.8142,-39.8142,39.29,39.29,100,1.95,CL,1690153579
267,nouadhibou,20.931,20.931,75.18,75.18,76,17.27,MR,1690153580
268,luderitz,-26.6481,-26.6481,58.05,58.05,100,16.49,NA,1690153580
269,carnarvon,-24.8667,-24.8667,58.53,58.53,0,18.5,AU,1690153580
270,corner brook,48.9667,48.9667,75.36,75.36,100,5.06,CA,1690153581
271,yakeshi,49.2833,49.2833,62.35,62.35,100,4.38,CN,1690153581
272,cidreira,-30.1811,-30.1811,61.74,61.74,57,10.18,BR,1690153424
273,nurota,40.5614,40.5614,77.92,77.92,0,5.7,UZ,1690153582
274,rizal,15.7118,15.7118,76.46,76.46,94,0.58,PH,1690153582
275,bychawa,51.0161,51.0161,71.46,70.66,100,10.22,PL,1690153582
276,mont-laurier,46.5501,46.5501,80.22,80.22,59,2.64,CA,1690153583
277,reggane,26.7158,26.7158,101.7,101.7,70,6.06,DZ,1690153583
278,timisoara,45.7494,45.7494,69.1,62.78,0,6.91,RO,1690153296
279,roseburg north,43.2645,43.2645,88.56,84.13,0,4.0,US,1690153584
280,rio gallegos,-51.6226,-51.6226,19.45,19.45,0,9.22,AR,1690153584
281,primero de mayo,-32.2552,-32.2552,58.55,56.82,97,10.2,AR,1690153585
282,san rafael del yuma,18.4299,18.4299,86.2,83.77,97,9.37,DO,1690153585
283,geraldton,-28.7667,-28.7667,48.61,48.61,0,18.41,AU,1690153585
284,chincha alta,-13.4099,-13.4099,68.59,68.59,7,4.59,PE,1690153586
285,sechelt,49.4664,49.4664,78.28,66.2,100,4.85,CA,1690153306
286,happy valley-goose bay,53.3168,53.3168,73.71,73.71,75,0.0,CA,1690153586
287,pudasjarvi,65.3833,65.3833,52.34,52.34,100,2.51,FI,1690153587
288,hasaki,35.7333,35.7333,81.28,79.2,78,6.22,JP,1690153587
289,soroca,48.1558,48.1558,57.4,57.4,16,2.39,MD,1690153587
290,onega,63.9061,63.9061,48.52,48.52,100,4.61,RU,1690153588
291,sharhorod,48.7383,48.7383,55.69,55.69,12,3.38,UA,1690153588
292,tvoroyri,61.5556,61.5556,49.28,49.28,100,10.02,FO,1690153588
293,lanivtsi,49.8633,49.8633,61.29,61.29,66,9.37,UA,1690153589
294,el granada,37.5027,37.5027,90.81,58.89,0,17.27,US,1690153589
295,madera,37.1666,37.1666,110.01,101.97,89,8.52,US,1690153375
296,bilgoraj,50.5411,50.5411,65.71,65.71,100,6.73,PL,1690153590
297,ilha de mocambique,-15.0342,-15.0342,72.81,72.81,1,11.5,MZ,1690153591
298,fougamou,-1.2154,-1.2154,73.0,73.0,98,3.15,GA,1690153591
299,khandyga,62.6667,62.6667,70.77,70.77,14,1.63,RU,1690153591
300,bonthe,7.5264,7.5264,77.58,77.58,100,8.34,SL,1690153592
301,behshahr,36.6923,36.6923,81.32,81.32,66,3.96,IR,1690153592
302,mangrol,21.1167,21.1167,80.46,80.46,95,15.48,IN,1690153592
303,tindouf,27.6711,27.6711,97.25,97.25,20,8.05,DZ,1690153593
304,medina de rioseco,41.8833,41.8833,70.9,66.2,72,8.95,ES,1690153593
305,molde,62.7375,62.7375,56.71,53.78,31,8.05,NO,1690153593
306,mermoz boabab,14.7065,14.7065,83.98,82.96,0,2.3,SN,1690153594
307,ebon,4.582,4.582,83.34,83.34,40,14.92,MH,1690153594
308,inhambane,-23.865,-23.865,65.1,65.1,5,9.35,MZ,1690153594
309,selfoss,63.9331,63.9331,55.04,55.04,100,5.08,IS,1690153595
310,kodiak,57.79,57.79,58.98,58.98,12,10.2,US,1690153359
311,madison,34.7334,34.7334,85.95,79.75,0,10.36,US,1690153430
312,tamanrasset,22.785,22.785,91.31,91.31,0,4.61,DZ,1690153339
313,tosontsengel,48.7567,48.7567,50.79,50.79,17,0.45,MN,1690153596
314,bechar,31.6167,31.6167,95.32,95.32,0,3.44,DZ,1690153596
315,naze,28.3667,28.3667,81.52,81.52,41,5.86,JP,1690153597
316,aykhal,66.0,66.0,68.05,68.05,95,10.02,RU,1690153597
317,constantia,44.1833,44.1833,65.08,63.7,0,4.25,RO,1690153597
318,aginskoye,51.1,51.1,62.02,62.02,15,3.65,RU,1690153598
319,kantemirovka,49.7089,49.7089,63.66,63.66,100,7.23,RU,1690153598
320,idaho falls,43.4666,43.4666,97.36,97.36,77,21.3,US,1690153598
321,faya-largeau,17.9257,17.9257,92.01,92.01,37,6.11,TD,1690153599
322,inongo,-1.95,-1.95,72.5,72.5,21,4.9,CD,1690153600
323,sechura,-5.5569,-5.5569,76.51,76.51,2,18.45,PE,1690153601
324,nar'yan-mar,67.6713,67.6713,58.75,58.75,100,7.05,RU,1690153602
325,mili,6.0815,6.0815,82.58,82.58,31,16.46,MH,1690153602
326,batticaloa,7.7102,7.7102,78.82,78.82,97,10.0,LK,1690153603
327,manicore,-5.8092,-5.8092,85.95,85.95,0,0.0,BR,1690153401
328,santa marta,11.2408,11.2408,89.65,89.65,20,0.0,CO,1690153604
329,aljezur,37.3191,37.3191,63.46,63.46,1,13.94,PT,1690153604
330,sirte,31.2089,31.2089,83.41,83.41,0,7.31,LY,1690153604
331,tanout,14.9709,14.9709,81.18,81.18,100,18.12,NE,1690153605
332,los frentones,-26.4077,-26.4077,68.27,68.27,1,6.13,AR,1690153605
333,goondiwindi,-28.55,-28.55,55.53,55.53,74,8.57,AU,1690153606
334,haenam,34.5711,34.5711,75.94,75.94,100,4.32,KR,1690153606
335,saldanha,-33.0117,-33.0117,44.65,44.65,0,8.46,ZA,1690153578
336,sar-e pul,35.8333,35.8333,69.89,69.89,84,3.98,AF,1690153607
337,kavieng,-2.5744,-2.5744,83.12,83.12,68,12.73,PG,1690153607
338,amursk,50.2261,50.2261,68.63,68.63,100,3.4,RU,1690153607
339,attapeu,14.8,14.8,75.09,75.09,100,0.25,LA,1690153608
340,souillac,-20.5167,-20.5167,72.07,72.07,93,15.28,MU,1690153608
341,vilyuchinsk,52.9306,52.9306,68.27,68.27,59,12.95,RU,1690153608
342,callao,-12.0667,-12.0667,72.72,71.89,20,11.5,PE,1690153609
343,sarykemer,43.0,43.0,74.68,74.68,0,3.78,KZ,1690153609
344,oranjemund,-28.55,-28.55,53.04,53.04,96,11.52,NA,1690153609
345,kyzyl-mazhalyk,51.1333,51.1333,55.63,55.63,68,0.85,RU,1690153610
346,man,7.4125,7.4125,72.07,72.07,98,2.75,CI,1690153610
347,tazacorte,28.629,28.629,74.37,71.15,40,18.41,ES,1690153610
348,abagur,53.7308,53.7308,58.23,58.23,47,3.87,RU,1690153610
349,jolo,6.05,6.05,79.77,79.77,93,6.06,PH,1690153611
350,praia,14.9215,14.9215,79.34,79.34,40,10.36,CV,1690153611
351,lorengau,-2.0226,-2.0226,82.36,82.36,95,6.24,PG,1690153611
352,magnitka,55.3475,55.3475,54.99,53.42,54,3.62,RU,1690153612
353,tolanaro,-25.0319,-25.0319,65.61,65.61,14,8.28,MG,1690153612
354,lagos,6.5833,6.5833,75.52,75.52,100,6.11,NG,1690153390
355,gisborne,-38.6533,-38.6533,53.44,53.44,2,3.09,NZ,1690153613
356,preobrazheniye,42.9019,42.9019,68.88,68.88,100,3.33,RU,1690153613
357,prado,-17.3411,-17.3411,71.51,71.51,41,9.95,BR,1690153613
358,ghat,24.9647,24.9647,90.88,90.88,45,10.27,LY,1690153614
359,garoua boulai,5.8833,5.8833,66.33,66.33,100,1.25,CM,1690153614
360,labuan bajo,-8.4964,-8.4964,72.73,72.73,37,4.12,ID,1690153614
361,touros,-5.1989,-5.1989,76.35,76.35,23,16.02,BR,1690153356
362,veraval,20.9,20.9,80.67,80.67,98,16.89,IN,1690153615
363,portland,45.5234,45.5234,91.67,83.32,20,6.91,US,1690153168
364,codrington,-38.2667,-38.2667,53.15,53.15,100,6.82,AU,1690153616
365,zhongshu,24.5167,24.5167,62.11,62.11,73,2.46,CN,1690153616
366,ulaangom,49.9811,49.9811,60.49,60.49,42,1.34,MN,1690153616
367,nuuk,64.1835,64.1835,52.41,50.88,19,10.36,GL,1690153617
368,tralee,52.2704,52.2704,55.35,55.35,69,5.17,IE,1690153617
369,kokpekty,48.75,48.75,64.02,64.02,3,5.41,KZ,1690153617
370,tullamore,53.2739,53.2739,56.14,54.37,38,5.82,IE,1690153618
371,itoman,26.1247,26.1247,86.4,84.97,40,11.5,JP,1690153618
372,malvan,16.0667,16.0667,79.11,79.11,99,22.21,IN,1690153618
373,tsiombe,-25.3,-25.3,63.99,63.99,0,4.63,MG,1690153619
374,yaritagua,10.08,10.08,76.08,76.08,85,6.44,VE,1690153619
375,paita,-5.0892,-5.0892,73.35,73.35,2,17.78,PE,1690153619
376,iskateley,67.6803,67.6803,58.6,58.6,100,7.02,RU,1690153620
377,port saint john's,-31.6229,-31.6229,61.45,61.45,100,13.89,ZA,1690153620
378,abadeh,31.1608,31.1608,77.04,77.04,52,6.11,IR,1690153620
379,zaozersk,69.4005,69.4005,46.78,46.78,100,11.92,RU,1690153621
380,lakshettipet,18.8667,18.8667,76.96,76.96,96,9.55,IN,1690153621
381,petrolia,42.8668,42.8668,73.42,66.76,75,6.91,CA,1690153621
382,basse-terre,16.1667,16.1667,80.58,79.84,0,6.91,GP,1690153622
383,polyarnyy,69.1989,69.1989,48.56,48.56,100,14.07,RU,1690153623
384,tan-tan,28.438,28.438,68.02,68.02,30,13.44,MA,1690153623
385,fort st. john,56.2499,56.2499,69.69,69.69,75,9.22,CA,1690153451
386,san luis,-33.295,-33.295,50.63,50.63,91,14.58,AR,1690153624
387,nemuro,43.3236,43.3236,61.47,61.47,100,10.63,JP,1690153624
388,hovd,48.0056,48.0056,63.93,63.93,90,4.34,MN,1690153625
389,retreat,38.8245,38.8245,81.95,77.74,82,8.16,US,1690153625
390,colon,9.3592,9.3592,79.92,77.99,100,5.01,PA,1690153626
391,amga,60.8953,60.8953,72.55,72.55,94,1.59,RU,1690153626
392,beatrice,40.2681,40.2681,88.18,85.98,0,5.75,US,1690153453
393,minas de marcona,-15.2119,-15.2119,55.83,55.83,10,12.19,PE,1690153627
394,wingham,43.8879,43.8879,74.39,70.27,71,8.57,CA,1690153627
395,page,36.9147,36.9147,105.58,102.69,0,9.22,US,1690153628
396,belyy yar,53.6039,53.6039,60.69,60.69,0,4.47,RU,1690153628
397,rio grande,-32.035,-32.035,60.91,58.95,100,10.27,BR,1690153628
398,ola,59.5833,59.5833,64.15,64.15,93,1.01,RU,1690153629
399,sinaloa de leyva,25.8333,25.8333,93.15,93.15,66,9.95,MX,1690153629
400,opuwo,-18.0607,-18.0607,64.56,64.56,25,5.08,NA,1690153630
401,pandan,14.0453,14.0453,81.07,81.07,100,27.02,PH,1690153630
402,xiantao,30.3833,30.3833,80.55,80.55,10,3.4,CN,1690153631
403,laguna,38.421,38.421,105.08,93.29,0,9.22,US,1690153416
404,holualoa,19.6228,19.6228,82.24,76.1,40,11.5,US,1690153631
405,whakatane,-37.9585,-37.9585,54.88,52.52,28,6.17,NZ,1690153632
406,ambon,-3.6954,-3.6954,82.24,73.54,75,6.91,ID,1690153632
407,sakakah,29.9697,29.9697,90.14,90.14,4,10.6,SA,1690153632
408,lodwar,3.1191,3.1191,80.73,80.73,72,16.62,KE,1690153633
409,val-d'or,48.1002,48.1002,78.89,78.89,75,8.05,CA,1690153521
410,richfield,44.8833,44.8833,86.99,80.89,40,4.61,US,1690153484
411,kalabo,-14.97,-14.97,57.61,57.61,10,4.83,ZM,1690153634
412,galliano,29.4422,29.4422,87.8,82.4,40,4.61,US,1690153634
413,carlsbad,33.1581,33.1581,89.8,67.84,100,9.22,US,1690153635
414,margate,51.3813,51.3813,60.91,58.69,45,5.99,GB,1690153635
415,camiri,-20.05,-20.05,65.53,65.53,8,3.09,BO,1690153635
416,beyneu,45.3167,45.3167,86.5,86.5,52,13.96,KZ,1690153636
417,maracai,-22.6106,-22.6106,69.15,69.15,4,3.71,BR,1690153636
418,san lawrenz,36.0553,36.0553,85.41,85.41,0,9.13,MT,1690153636
419,motygino,58.1831,58.1831,61.41,61.41,20,2.06,RU,1690153637
420,west end,26.6833,26.6833,89.58,89.58,56,4.72,BS,1690153637
421,saudarkrokur,65.7461,65.7461,50.02,50.02,100,1.39,IS,1690153638
422,veragua arriba,19.5833,19.5833,87.08,87.01,88,8.84,DO,1690153638
423,tshikapa,-6.4167,-6.4167,79.81,79.81,50,0.54,CD,1690153638
424,vila franca do campo,37.7167,37.7167,72.01,72.01,41,7.11,PT,1690153639
425,afaahiti,-17.75,-17.75,82.27,82.27,59,11.14,PF,1690153639
426,tofol,5.3248,5.3248,78.58,78.58,100,3.44,FM,1690153640
427,verkhneural'sk,53.8769,53.8769,53.83,53.83,59,2.53,RU,1690153640
428,aldinga beach,-35.2793,-35.2793,53.2,46.22,100,1.99,AU,1690153640
429,nkove,-7.95,-7.95,73.58,73.58,29,6.29,TZ,1690153641
430,taro,-8.3862,-8.3862,69.85,69.8,89,1.16,ID,1690153641
431,kolokani,13.5728,13.5728,79.32,79.32,36,0.34,ML,1690153641
432,padang,-0.9492,-0.9492,73.45,73.45,100,3.27,ID,1690153642
433,puerto leguizamo,-0.1934,-0.1934,78.13,78.13,76,1.77,CO,1690153642
434,dalandzadgad,43.5708,43.5708,70.48,70.48,0,4.05,MN,1690153643
435,east london,-33.0153,-33.0153,57.81,57.81,100,15.95,ZA,1690153643
436,wynyard,-41.0,-41.0,50.9,50.9,64,8.5,AU,1690153643
437,aitape,-3.1374,-3.1374,77.95,77.95,100,5.75,PG,1690153644
438,bubaque,11.2833,11.2833,80.98,80.98,92,13.38,GW,1690153644
439,warmbad,-28.45,-28.45,48.2,48.2,93,4.88,NA,1690153645
440,pogar,52.554,52.554,53.89,53.89,70,6.35,RU,1690153645
441,casper,42.8666,42.8666,95.72,91.81,0,18.41,US,1690153645
442,bontang,0.1333,0.1333,76.19,76.19,90,8.39,ID,1690153647
443,revda,56.801,56.801,56.86,56.86,96,4.18,RU,1690153648
444,taoudenni,22.6783,22.6783,102.13,102.13,16,6.64,ML,1690153648
445,dubois,38.3464,38.3464,86.04,81.41,20,10.36,US,1690153649
446,el calafate,-50.3408,-50.3408,21.42,21.42,4,2.28,AR,1690153649
447,arraial do cabo,-22.9661,-22.9661,70.77,70.77,0,22.01,BR,1690153649
448,pak phanang,8.3511,8.3511,77.22,77.22,81,9.31,TH,1690153650
449,sarmiento,-45.5882,-45.5882,32.95,32.95,46,4.72,AR,1690153650
450,lesparre-medoc,45.3,45.3,65.52,65.52,100,6.33,FR,1690153650
451,irtyshsk,53.3333,53.3333,61.93,61.93,50,2.04,KZ,1690153651
452,big spring,32.2504,32.2504,101.1,99.05,0,5.01,US,1690153651
453,felipe carrillo puerto,19.5833,19.5833,91.0,91.0,44,7.81,MX,1690153651
454,manadhoo,5.7667,5.7667,82.35,82.35,94,13.0,MV,1690153652
455,rice lake,45.5061,45.5061,80.28,77.32,0,5.75,US,1690153652
456,vegreville,53.5001,53.5001,77.79,77.79,63,3.83,CA,1690153653
457,catemaco,18.4167,18.4167,81.05,81.05,98,3.31,MX,1690153653
458,estacion coahuila,32.1939,32.1939,107.98,107.98,86,15.05,MX,1690153653
459,akhmet'a,42.0311,42.0311,72.12,72.12,6,6.15,GE,1690153654
460,tavricheskoye,54.5851,54.5851,60.71,59.92,51,5.68,RU,1690153654
461,bardai,11.65,11.65,70.79,70.79,100,4.18,NG,1690153654
462,labytnangi,66.6572,66.6572,58.69,58.69,63,6.24,RU,1690153655
463,broome,42.2506,42.2506,80.67,72.68,40,5.75,US,1690153655
464,montrose,38.4166,38.4166,89.01,85.51,13,12.15,US,1690153656
465,cartagena del chaira,1.3349,1.3349,78.37,78.37,70,2.37,CO,1690153656
466,cold lake,54.4502,54.4502,71.67,71.67,99,1.3,CA,1690153639
467,shache,38.4167,38.4167,81.72,81.72,73,5.75,CN,1690153657
468,tshabong,-26.05,-26.05,55.45,55.45,82,8.05,BW,1690153657
469,conneaut,41.9476,41.9476,76.66,68.88,45,0.72,US,1690153658
470,sao joao da barra,-21.6403,-21.6403,71.69,71.69,10,11.7,BR,1690153658
471,nagqu,31.5,31.5,39.47,39.47,100,4.34,CN,1690153658
472,utete,-7.986,-7.986,70.02,70.02,83,1.43,TZ,1690153659
473,luanco,43.6152,43.6152,68.29,65.86,92,9.8,ES,1690153659
474,gadzhiyevo,69.2551,69.2551,48.31,48.31,100,14.63,RU,1690153659
475,daru,-9.0763,-9.0763,77.59,77.59,100,7.78,PG,1690153660
476,praia da vitoria,38.7333,38.7333,72.75,72.75,10,9.82,PT,1690153660
477,al artawiyah,26.5053,26.5053,89.28,89.28,79,5.82,SA,1690153661
478,hidrolandia,-4.4081,-4.4081,82.67,82.67,65,4.47,BR,1690153661
479,howrah,22.5892,22.5892,80.6,80.6,40,0.0,IN,1690153661
480,balancan,17.8,17.8,93.02,93.02,99,8.46,MX,1690153662
481,bousso,10.4795,10.4795,76.08,76.08,86,6.02,TD,1690153662
482,gorgan,36.8387,36.8387,82.51,82.51,48,3.67,IR,1690153663
483,ha'il,27.5219,27.5219,84.24,84.24,3,2.51,SA,1690153663
484,brookings,44.3114,44.3114,86.11,83.08,6,8.14,US,1690153523
485,newman,37.3138,37.3138,102.43,98.58,99,12.53,US,1690153664
486,vilyuysk,63.7553,63.7553,74.23,74.23,14,6.85,RU,1690153665
487,guroymak,38.5774,38.5774,71.26,71.26,1,3.74,TR,1690153665
488,alaghsas,17.0187,17.0187,83.17,83.17,92,17.47,NE,1690153666
489,khorixas,-20.3667,-20.3667,61.52,61.52,8,2.08,NA,1690153666
490,kasane,-17.8167,-17.8167,58.57,58.57,0,4.65,BW,1690153667
491,izberbash,42.5696,42.5696,73.45,73.09,13,2.39,RU,1690153667
492,nizhnesortymskiy,62.4397,62.4397,63.23,63.23,67,5.03,RU,1690153667
493,zhijiang,30.4214,30.4214,79.5,79.5,32,0.98,CN,1690153668
494,isla mujeres,21.2311,21.2311,87.85,87.17,87,9.26,MX,1690153669
495,laibin,23.7,23.7,79.07,79.07,77,4.16,CN,1690153669
496,lamu,-2.2717,-2.2717,75.42,75.42,60,15.26,KE,1690153670
497,cabo san lucas,22.8909,22.8909,91.06,86.18,100,9.22,MX,1690153670
498,north bend,43.4065,43.4065,78.24,65.07,0,13.8,US,1690153671
499,darende,38.5458,38.5458,67.86,67.86,0,5.73,TR,1690153671
500,el porvenir,13.7617,13.7617,83.53,82.44,92,6.22,HN,1690153671
501,zeya,53.75,53.75,74.05,74.05,100,1.32,RU,1690153672
502,zhaobaoshan,29.9695,29.9695,79.11,79.11,100,3.44,CN,1690153672
503,flin flon,54.7682,54.7682,77.79,77.79,10,6.11,CA,1690153673
504,gaiman,-43.2897,-43.2897,40.33,40.33,61,5.12,AR,1690153673
505,sao gabriel da cachoeira,-0.1303,-0.1303,74.35,74.35,81,1.68,BR,1690153674
506,lepsy,46.235,46.235,73.92,73.92,12,6.93,KZ,1690153674
507,iwanai,42.9744,42.9744,77.29,77.29,100,4.85,JP,1690153674
508,ad dabbah,18.05,18.05,91.49,91.49,26,9.17,SD,1690153675
509,valentin gomez farias,28.2167,28.2167,84.63,84.63,41,18.86,MX,1690153675
510,aktobe,50.2797,50.2797,57.29,57.29,0,0.0,KZ,1690153675
511,grand baie,-20.0182,-20.0182,71.46,71.46,70,4.0,MU,1690153676
512,krasnovishersk,60.4078,60.4078,52.16,52.16,47,2.15,RU,1690153676
513,kushiro,42.975,42.975,68.95,68.95,75,2.3,JP,1690153676
514,ust'-charyshskaya pristan',52.3934,52.3934,61.43,61.43,100,2.35,RU,1690153677
515,kingscliff,-28.2667,-28.2667,61.77,60.6,40,13.8,AU,1690153677
516,priob'ye,62.5206,62.5206,64.0,64.0,100,5.59,RU,1690153677
517,zelenoborskiy,66.845,66.845,47.66,47.66,100,6.71,RU,1690153678
518,huangnihe,43.5583,43.5583,70.12,70.12,82,7.54,CN,1690153678
519,sambava,-14.2667,-14.2667,68.14,68.14,39,6.89,MG,1690153678
520,linxia chengguanzhen,35.6003,35.6003,60.71,60.71,68,2.64,CN,1690153679
521,maputo,-25.9653,-25.9653,68.2,68.2,93,9.17,MZ,1690153679
522,myanaung,18.2833,18.2833,78.4,78.4,12,4.16,MM,1690153679
523,tahe,52.3333,52.3333,62.37,62.37,100,1.79,CN,1690153680
524,oltinko'l,40.8011,40.8011,81.93,81.93,2,5.17,UZ,1690153680
525,noumea,-22.2763,-22.2763,71.58,71.01,14,2.57,NC,1690153586
526,ivdel',60.6911,60.6911,59.83,59.83,94,3.33,RU,1690153681
527,merizo village,13.2658,13.2658,85.98,83.37,100,13.71,GU,1690153681
528,cabedelo,-6.9811,-6.9811,75.87,75.87,12,14.54,BR,1690153681
529,selma,36.5708,36.5708,110.34,104.25,0,6.91,US,1690153682
530,porto empedocle,37.2934,37.2934,84.81,84.81,0,1.61,IT,1690153682
531,ducheng,23.2373,23.2373,80.89,80.89,58,1.36,CN,1690153683
532,kourou,5.1552,5.1552,78.85,78.85,20,7.02,GF,1690153683
533,mogadishu,2.0371,2.0371,76.84,76.84,88,16.4,SO,1690153407
534,morondava,-20.2833,-20.2833,67.87,67.87,0,5.55,MG,1690153684
535,ephrata,40.1798,40.1798,84.24,79.14,0,6.91,US,1690153684
536,ashmun,30.2986,30.2986,86.85,86.5,0,6.24,EG,1690153684
537,baikonur,45.6167,45.6167,85.01,85.01,0,6.67,KZ,1690153685
538,antsiranana,-12.2787,-12.2787,71.94,71.94,3,11.34,MG,1690153685
539,charters towers,-20.1,-20.1,55.71,55.71,73,20.29,AU,1690153686
540,la ronge,55.1001,55.1001,70.83,70.83,85,5.19,CA,1690153686
541,saurimo,-9.6608,-9.6608,64.72,64.72,2,5.48,AO,1690153687
542,feijo,-8.1642,-8.1642,80.51,80.51,6,1.03,BR,1690153687
543,willowmore,-33.2926,-33.2926,40.39,40.39,18,4.56,ZA,1690153687
544,lithgow,-33.4833,-33.4833,43.65,43.65,73,4.63,AU,1690153688
545,pisco,-13.7,-13.7,69.85,69.03,100,13.8,PE,1690153688
546,anton,8.4,8.4,86.86,78.42,20,8.01,PA,1690153688
547,mil'kovo,55.6078,55.6078,57.11,53.6,70,7.05,RU,1690153689
548,namibe,-15.1961,-15.1961,63.46,63.46,51,10.31,AO,1690153690
549,kualakapuas,-3.0091,-3.0091,72.84,72.84,25,2.48,ID,1690153691
550,ciudad insurgentes,25.2625,25.2625,94.01,94.01,98,19.24,MX,1690153691
551,ilek,51.5271,51.5271,65.88,65.88,93,1.99,RU,1690153691
552,ouallam,14.3188,14.3188,89.89,89.89,99,10.6,NE,1690153692
553,eraan,9.0629,9.0629,79.45,79.45,100,8.81,PH,1690153692
554,sur,22.5667,22.5667,80.44,80.44,100,8.19,OM,1690153693
555,dzuunharaa,48.8523,48.8523,59.72,59.72,50,3.62,MN,1690153693
556,tual,-5.6667,-5.6667,77.31,77.31,99,26.4,ID,1690153693
557,razole,16.4833,16.4833,77.38,77.38,100,11.03,IN,1690153694
558,greenville,35.6127,35.6127,87.75,83.12,40,9.22,US,1690153374
559,piotrkow trybunalski,51.4055,51.4055,72.18,67.06,100,5.84,PL,1690153694
560,corn island,12.1694,12.1694,82.0,82.0,90,16.33,NI,1690153695
561,camana,-16.6228,-16.6228,63.03,63.03,21,4.76,PE,1690153695
562,mountain home,43.133,43.133,99.14,99.14,100,5.01,US,1690153696
563,as sulayyil,20.4607,20.4607,92.23,92.23,84,5.21,SA,1690153696
564,plastun,44.7561,44.7561,67.57,67.57,100,1.19,RU,1690153696
565,mejit,10.2753,10.2753,82.94,82.94,17,20.22,MH,1690153697
566,boende,-0.2167,-0.2167,76.44,76.44,94,3.22,CD,1690153697
567,kone,-21.0595,-21.0595,71.96,71.96,5,3.58,NC,1690153697
